id;articolo;casuale;data;quantita;valore;iva
1;40;4;24/02/2024;38;26.14;10
2;32;4;01/05/2023;88;29.72;22
3;65;3;26/06/2023;57;26.44;22
4;67;1;27/10/2023;86;24.65;22
5;93;4;28/01/2024;34;17.02;10
6;17;2;01/05/2023;17;14.89;22
7;7;1;25/01/2023;4;26.62;22
8;81;3;29/01/2024;17;22.05;22
9;32;2;01/03/2024;33;13.25;22
10;16;3;07/09/2023;21;23.29;22
11;37;3;21/03/2024;51;11.32;10
12;37;2;27/02/2023;30;11.59;10
13;20;1;08/12/2023;33;21.23;22
14;85;3;26/10/2023;70;18.85;10
15;46;1;06/01/2023;56;23.2;22
16;72;1;18/04/2024;43;20.79;10
17;17;1;13/06/2023;76;21.07;10
18;46;3;11/08/2023;2;29.37;22
19;79;2;17/11/2023;25;25.72;10
20;14;2;03/10/2023;95;18.81;22
21;3;2;07/01/2023;13;24.85;22
22;42;4;01/01/2024;62;20.91;10
23;66;4;04/11/2023;29;10.36;22
24;20;2;27/08/2023;75;20.94;22
25;24;2;24/05/2023;97;24.04;10
26;25;3;25/09/2023;83;28.17;22
27;29;1;21/02/2023;58;10.9;22
28;18;3;27/01/2023;49;27.5;10
29;23;4;14/02/2024;38;28.21;22
30;67;2;15/02/2023;7;10.02;22
31;22;4;06/03/2024;80;16.57;22
32;35;4;22/04/2023;47;16.02;22
33;26;2;26/02/2024;4;25.92;22
34;62;3;08/04/2023;69;14.32;10
35;11;4;27/02/2023;21;27.23;10
36;8;2;06/02/2024;8;22.72;22
37;71;2;19/05/2023;44;15.15;22
38;40;2;13/01/2024;83;16.54;22
39;37;1;26/05/2023;49;12.24;10
40;20;2;04/10/2023;71;18.44;10
41;39;1;17/06/2023;13;19.8;10
42;78;2;12/02/2023;5;25.4;10
43;21;3;04/09/2023;33;18.44;22
44;32;3;22/07/2023;35;13.4;22
45;56;3;21/07/2023;74;29.31;22
46;20;2;04/06/2023;55;24.23;22
47;7;4;24/01/2023;78;13.08;22
48;77;4;25/02/2024;95;18.99;22
49;64;3;26/03/2023;52;20.85;22
50;91;3;27/07/2023;5;11.96;10
51;65;3;30/03/2023;10;14.05;10
52;47;4;12/09/2023;4;24.7;22
53;61;2;24/04/2023;73;29.62;22
54;94;4;05/03/2023;83;21.97;10
55;44;1;31/01/2023;10;13.31;22
56;92;2;23/08/2023;58;12.95;22
57;98;4;24/03/2024;82;14.59;22
58;89;2;18/10/2023;51;27.11;22
59;94;2;05/12/2023;90;15.43;10
60;76;4;06/04/2023;48;28.77;22
61;19;4;03/10/2023;92;25.17;22
62;79;3;30/10/2023;94;25.06;10
63;50;1;06/12/2023;38;24.97;22
64;65;1;24/03/2023;9;19.22;10
65;65;3;27/02/2024;45;29.02;10
66;70;1;07/08/2023;39;21.6;10
67;78;3;15/07/2023;30;25.39;22
68;1;2;16/02/2023;96;16.6;10
69;30;3;11/02/2024;29;11.84;22
70;23;3;12/04/2024;52;13.73;22
71;52;2;03/04/2024;4;21.72;10
72;1;3;28/12/2023;44;27.9;22
73;2;3;25/10/2023;99;13.81;22
74;54;4;10/07/2023;70;21.91;10
75;22;1;15/04/2024;79;14.32;22
76;28;1;11/12/2023;70;20.9;22
77;31;4;09/01/2024;95;18.93;10
78;44;3;11/02/2023;84;22.77;22
79;3;3;22/09/2023;93;24.88;22
80;76;4;15/03/2023;1;15.39;10
81;27;3;23/03/2023;67;21.46;22
82;58;3;13/02/2023;1;28.87;10
83;90;4;23/12/2023;83;25.25;22
84;93;4;23/06/2023;62;24.18;10
85;23;3;12/02/2024;45;27.44;10
86;26;2;14/08/2023;41;16.91;22
87;34;4;29/05/2023;8;13.03;22
88;84;2;23/02/2024;30;23.69;10
89;25;3;27/01/2023;80;13.43;10
90;39;3;21/06/2023;97;13.48;10
91;74;2;16/05/2023;25;12.55;10
92;85;2;01/10/2023;5;10.81;22
93;13;3;25/03/2024;90;12.25;10
94;98;4;03/04/2024;34;28.27;10
95;78;4;20/01/2023;11;27.15;22
96;85;4;26/04/2023;82;22.3;22
97;37;4;03/06/2023;24;20.92;22
98;7;4;21/09/2023;60;10.5;10
99;89;1;14/02/2024;82;27.17;10
100;75;1;01/04/2023;30;28.33;10
101;24;3;08/11/2023;55;26.09;22
102;27;3;12/08/2023;95;26.58;10
103;57;2;02/11/2023;41;24.53;22
104;42;2;28/01/2024;13;11.51;22
105;89;4;03/09/2023;11;17.98;22
106;77;3;28/10/2023;71;27.45;22
107;42;3;11/10/2023;60;23.7;10
108;31;4;19/10/2023;39;25.67;10
109;16;3;11/03/2024;40;29.03;10
110;25;1;20/03/2024;99;25.4;22
111;29;2;03/02/2023;40;27.48;22
112;68;2;12/09/2023;21;15.58;22
113;60;2;19/07/2023;16;24.67;10
114;97;4;18/06/2023;5;28.64;22
115;33;1;26/11/2023;11;24.81;22
116;51;3;23/12/2023;80;24.59;22
117;91;2;27/02/2024;83;13.34;22
118;23;4;16/04/2024;33;23.75;10
119;24;1;26/11/2023;9;12.65;10
120;21;4;19/05/2023;30;25.03;10
121;10;2;23/06/2023;83;13.6;22
122;21;3;15/03/2024;96;12.84;22
123;40;3;10/09/2023;32;15.42;10
124;25;3;14/10/2023;7;13.63;10
125;95;3;07/08/2023;87;10.42;22
126;31;4;06/04/2024;21;21.18;22
127;67;3;20/03/2024;46;26.4;22
128;63;1;19/02/2023;34;24.36;10
129;89;1;22/06/2023;29;25.17;10
130;18;1;25/08/2023;56;29.35;22
131;85;3;02/09/2023;95;26.61;22
132;80;1;09/04/2024;8;26.9;22
133;84;1;28/10/2023;57;13.89;22
134;1;2;02/12/2023;6;24.01;22
135;6;4;02/01/2024;40;11.02;22
136;29;1;25/02/2023;70;12.09;10
137;39;1;10/06/2023;37;12.37;22
138;83;4;31/01/2023;56;25.55;22
139;75;3;01/06/2023;86;29.86;10
140;79;1;12/03/2024;54;20.56;22
141;75;4;04/07/2023;40;15.97;22
142;27;2;08/01/2024;7;27.15;10
143;51;4;19/01/2023;36;11.8;10
144;69;4;25/01/2023;79;26.66;10
145;74;2;10/10/2023;6;25.22;10
146;48;2;30/10/2023;54;25.69;10
147;15;1;06/01/2023;44;17.46;10
148;85;3;05/10/2023;50;19.64;10
149;10;2;16/05/2023;10;15.97;10
150;52;1;04/12/2023;41;17.76;10
151;61;4;20/08/2023;16;25.07;10
152;80;3;20/12/2023;99;18.3;22
153;75;3;17/01/2023;63;21.34;10
154;41;4;08/02/2023;25;28.98;22
155;76;1;10/11/2023;98;14.69;10
156;91;3;26/09/2023;85;11.34;22
157;65;4;29/08/2023;84;13.49;10
158;44;1;04/01/2024;68;29.27;10
159;22;1;17/02/2024;61;13.5;10
160;14;4;10/03/2024;66;11.26;22
161;96;2;29/07/2023;93;24.23;22
162;86;1;28/12/2023;18;13.13;10
163;17;3;23/01/2023;82;27.17;10
164;17;4;25/02/2024;95;20.29;10
165;56;1;12/01/2023;100;17.21;22
166;15;4;02/06/2023;86;24.05;10
167;36;3;02/08/2023;11;29.54;10
168;87;1;27/12/2023;4;15.23;22
169;49;4;13/11/2023;59;24;22
170;5;1;13/02/2023;99;21;10
171;42;4;09/09/2023;75;27.94;10
172;11;2;22/09/2023;2;14.02;22
173;15;1;31/01/2024;88;24.32;22
174;24;2;28/02/2024;74;28.88;10
175;55;3;07/09/2023;64;21.8;10
176;63;1;31/07/2023;26;27.49;22
177;4;1;21/06/2023;1;20.72;10
178;85;4;20/08/2023;96;13.32;22
179;93;3;02/06/2023;84;21.77;10
180;46;3;19/07/2023;27;10.26;10
181;88;3;16/04/2023;33;14.97;22
182;33;4;19/02/2024;1;21.33;10
183;53;1;23/05/2023;12;16.7;22
184;98;1;22/01/2023;27;10.62;22
185;38;1;07/09/2023;38;19.6;22
186;81;2;30/04/2023;100;12.53;22
187;84;2;12/05/2023;98;11.86;22
188;85;1;09/05/2023;90;10.76;22
189;83;1;15/06/2023;75;10.3;10
190;51;3;18/07/2023;11;11.5;22
191;43;4;21/01/2023;84;25.13;22
192;29;4;23/03/2024;68;14.02;22
193;71;2;19/06/2023;96;20.51;10
194;57;3;04/11/2023;77;16.28;22
195;57;1;11/11/2023;44;20.89;10
196;17;1;25/11/2023;15;23.44;22
197;69;2;10/01/2024;75;13.16;22
198;39;1;07/02/2023;98;16.2;10
199;93;1;26/08/2023;16;18.23;10
200;33;1;02/01/2024;79;25.99;22
201;58;3;29/04/2023;57;26;10
202;70;1;09/09/2023;40;22.67;22
203;16;4;18/12/2023;87;26.82;10
204;6;1;13/02/2024;6;26.2;10
205;30;4;06/01/2023;40;28.63;10
206;59;2;09/01/2023;67;22.52;22
207;18;2;30/04/2023;67;27.68;10
208;6;2;21/04/2023;26;16.58;10
209;8;3;07/04/2024;91;13.19;10
210;20;1;11/01/2023;93;24.99;22
211;75;1;01/05/2023;26;14.89;22
212;60;3;01/01/2023;90;21.87;10
213;54;1;22/03/2024;51;21.89;10
214;78;2;12/11/2023;53;21.42;22
215;9;4;16/02/2023;8;27.49;10
216;20;3;06/05/2023;64;10.08;22
217;85;1;09/01/2024;36;25.93;22
218;95;4;07/08/2023;5;20.96;10
219;9;1;20/06/2023;83;21.92;22
220;13;3;07/01/2024;43;28.71;10
221;54;1;03/05/2023;11;16.28;10
222;22;3;16/10/2023;68;15.82;22
223;90;1;19/11/2023;56;23.96;22
224;21;1;22/08/2023;57;18.77;22
225;48;3;25/08/2023;38;23.06;10
226;26;3;13/12/2023;12;27.53;10
227;81;2;22/01/2023;2;12.21;22
228;53;4;23/04/2023;74;14.14;22
229;80;4;14/02/2023;33;21.31;10
230;14;3;22/04/2023;25;15.92;10
231;88;1;04/07/2023;40;15.65;22
232;69;4;27/03/2024;62;16.66;10
233;90;4;05/03/2024;28;24.78;22
234;81;4;06/06/2023;49;24.19;22
235;73;4;20/01/2023;83;25.09;10
236;20;3;17/10/2023;14;21.62;10
237;46;4;14/03/2024;46;19.79;10
238;7;3;22/01/2024;20;24.89;10
239;75;3;30/03/2023;39;29.41;10
240;80;1;22/03/2023;29;12.57;10
241;88;4;06/03/2024;82;15.93;22
242;59;2;10/10/2023;97;18.58;22
243;27;4;08/01/2023;39;18.66;22
244;6;3;22/03/2023;89;14.24;22
245;46;4;11/12/2023;55;27.89;22
246;35;4;23/03/2023;12;17.03;22
247;49;2;01/03/2024;54;28.75;22
248;78;3;22/10/2023;77;29.69;22
249;57;4;14/06/2023;39;11.18;10
250;49;2;27/12/2023;1;25.45;10
251;12;1;24/01/2023;28;19.17;22
252;81;4;03/08/2023;94;13.97;10
253;1;2;31/10/2023;51;11.41;10
254;3;3;10/09/2023;34;27.98;22
255;36;3;24/11/2023;84;25.62;22
256;21;3;07/03/2024;85;16.18;22
257;25;1;28/03/2023;26;16.27;22
258;37;1;20/12/2023;45;25.69;22
259;4;2;19/07/2023;31;22.57;22
260;1;2;14/06/2023;80;10.92;22
261;38;3;09/03/2023;16;26.33;22
262;75;3;08/09/2023;19;25.45;22
263;45;3;07/02/2024;62;25.49;10
264;94;3;21/07/2023;10;10.06;10
265;70;2;15/05/2023;85;18.27;22
266;90;3;19/07/2023;38;21.6;22
267;62;1;04/03/2023;18;23.67;10
268;80;1;09/09/2023;58;26.98;22
269;39;1;08/07/2023;81;24.02;22
270;94;1;07/04/2023;26;17.9;10
271;35;2;27/06/2023;40;16.48;22
272;51;2;22/01/2023;46;25.13;10
273;28;3;08/04/2024;12;29.98;22
274;64;1;11/01/2023;47;28.08;22
275;33;2;30/07/2023;45;10.29;10
276;18;3;25/03/2023;10;10.58;22
277;84;2;02/01/2024;35;10.59;22
278;41;3;27/11/2023;20;13.85;22
279;53;3;17/04/2023;42;11.34;22
280;89;4;08/01/2024;12;14.96;10
281;95;3;07/11/2023;64;18.86;22
282;63;3;14/12/2023;30;17.02;22
283;50;3;14/01/2023;77;17.99;10
284;40;1;24/11/2023;70;15.41;10
285;33;1;20/04/2023;21;29.71;10
286;51;3;16/04/2023;41;13.04;10
287;70;4;31/07/2023;58;19.15;22
288;19;2;04/01/2024;64;14.87;22
289;100;4;16/03/2024;10;25.29;22
290;11;2;16/06/2023;94;28.55;10
291;2;3;03/07/2023;66;12.04;10
292;22;4;17/10/2023;49;18.97;22
293;52;4;24/11/2023;54;20.11;10
294;61;4;23/08/2023;38;17.91;10
295;91;1;18/06/2023;2;26.93;10
296;3;2;10/11/2023;27;17.4;22
297;6;2;01/12/2023;65;11.66;10
298;80;2;26/06/2023;11;22.62;10
299;76;3;17/09/2023;59;16.16;10
300;88;3;13/02/2024;62;12.3;22
301;36;2;15/07/2023;68;14.12;10
302;53;4;30/04/2023;79;25.99;10
303;26;3;09/09/2023;74;14.54;22
304;13;2;29/10/2023;1;14.26;22
305;100;2;12/08/2023;21;27.37;22
306;3;2;19/05/2023;76;20.38;22
307;8;1;01/03/2023;85;18.35;22
308;2;2;20/02/2024;96;11.74;22
309;30;2;10/04/2024;93;10.53;22
310;1;1;16/08/2023;43;13.75;10
311;97;1;13/04/2023;15;11.83;10
312;90;2;30/03/2023;27;16.89;10
313;85;2;16/04/2024;31;10.51;22
314;4;3;03/03/2024;42;26.65;22
315;4;3;11/12/2023;83;29.47;22
316;10;1;18/11/2023;4;24.78;10
317;21;1;11/10/2023;54;16.69;10
318;62;1;07/02/2024;20;25.72;10
319;30;1;10/09/2023;79;11.63;10
320;16;1;26/01/2024;7;16.69;10
321;46;4;10/08/2023;71;18.45;10
322;94;2;25/04/2023;8;19.47;22
323;28;3;05/01/2024;67;25.63;22
324;60;2;25/05/2023;62;26.67;10
325;35;1;05/12/2023;36;18.23;22
326;20;3;31/08/2023;11;21.41;22
327;85;2;19/03/2024;2;19.9;10
328;11;1;13/02/2023;27;26.45;22
329;66;3;27/02/2023;91;29.67;10
330;33;1;01/07/2023;40;10.85;22
331;27;3;28/10/2023;53;21.59;10
332;21;3;03/01/2024;82;14.16;10
333;74;1;17/09/2023;94;20.52;22
334;86;2;21/07/2023;17;18.13;22
335;43;3;01/02/2023;1;29.91;10
336;10;2;03/01/2023;100;29.95;22
337;64;1;12/11/2023;39;26.83;10
338;11;3;06/03/2023;75;19.11;22
339;1;1;06/02/2023;66;14.12;22
340;92;3;13/07/2023;16;16.19;22
341;7;2;12/02/2024;18;26.42;22
342;85;1;26/05/2023;90;23;10
343;26;2;07/04/2023;69;20.95;10
344;29;3;28/06/2023;67;24.22;10
345;18;4;15/03/2023;6;16.68;10
346;91;4;12/04/2024;20;15.17;22
347;67;4;29/12/2023;90;10.7;22
348;58;4;28/07/2023;48;26.66;10
349;92;3;01/11/2023;57;27.11;22
350;5;4;20/01/2023;72;17.24;22
351;40;2;13/05/2023;79;15.3;10
352;33;2;13/07/2023;83;16.56;22
353;9;4;22/01/2023;27;22.83;10
354;1;2;25/03/2023;13;15.21;22
355;28;3;08/04/2024;78;17.78;22
356;10;3;04/01/2024;43;10.51;10
357;8;2;07/09/2023;38;20.79;22
358;12;4;25/07/2023;53;21.34;10
359;24;1;12/04/2023;93;16.01;22
360;7;1;11/01/2023;100;22.59;10
361;98;2;05/03/2023;35;17.52;10
362;83;3;03/02/2023;95;26.7;10
363;26;1;01/05/2023;32;14.19;10
364;70;1;20/01/2024;99;21.4;22
365;70;4;22/12/2023;71;16.86;10
366;80;1;15/01/2023;66;24.03;22
367;81;2;16/06/2023;84;11.37;22
368;34;1;06/03/2023;14;27.48;22
369;5;3;01/08/2023;40;17.63;22
370;49;4;19/06/2023;37;22.39;10
371;32;4;11/01/2023;36;17.26;22
372;88;2;28/10/2023;88;20.4;10
373;34;1;01/01/2024;37;17.58;22
374;32;1;18/04/2023;94;25.59;22
375;88;3;18/02/2024;92;28.4;10
376;52;2;10/03/2023;57;21.62;10
377;84;1;30/01/2023;74;24.37;10
378;64;3;13/01/2024;96;11.6;22
379;34;4;21/02/2023;41;23.4;22
380;43;4;06/12/2023;48;29.59;22
381;6;1;10/05/2023;26;10.1;10
382;40;4;22/02/2024;100;17.33;22
383;46;3;17/12/2023;3;23.07;10
384;70;3;04/07/2023;73;17.72;10
385;60;1;18/04/2024;72;12.66;10
386;9;2;12/03/2023;3;10.28;10
387;57;2;16/02/2024;74;22.72;22
388;4;2;28/02/2024;12;18.53;10
389;57;2;02/02/2024;39;16.36;10
390;90;4;27/07/2023;60;16.15;22
391;4;1;29/12/2023;47;22.66;10
392;42;2;23/03/2024;96;25.93;10
393;37;1;18/01/2024;74;22.02;10
394;23;2;09/03/2023;64;12.23;22
395;92;4;16/09/2023;71;28.45;10
396;31;2;08/12/2023;64;21.74;22
397;45;3;11/12/2023;3;18.26;10
398;28;1;07/04/2024;90;28.92;10
399;4;2;23/02/2024;57;29.02;10
400;79;4;29/01/2024;46;25.75;22
401;69;1;14/11/2023;63;24.94;22
402;49;3;01/01/2024;91;19.36;10
403;54;2;21/11/2023;89;16.53;22
404;31;1;18/04/2024;21;24.01;10
405;36;3;08/12/2023;25;12.02;10
406;10;2;28/03/2024;65;28.51;22
407;64;1;14/05/2023;60;21.93;22
408;69;4;25/01/2023;97;12.84;22
409;95;2;09/02/2024;5;28.29;22
410;77;2;04/09/2023;18;23.58;10
411;11;4;18/10/2023;21;21.87;10
412;87;4;07/11/2023;15;26.52;22
413;88;3;14/12/2023;36;14.62;22
414;22;1;09/12/2023;66;24.91;22
415;54;3;25/05/2023;70;28.83;22
416;50;4;22/10/2023;83;17.38;10
417;30;2;23/04/2023;98;20.72;10
418;3;4;21/08/2023;32;14.25;10
419;65;1;10/04/2024;53;16.4;22
420;59;4;11/11/2023;68;22.01;22
421;2;2;05/01/2023;44;11.67;22
422;64;1;11/06/2023;45;11.05;22
423;18;4;18/12/2023;30;13.37;10
424;32;3;21/01/2023;14;25.86;10
425;88;2;28/01/2023;77;15.7;22
426;81;3;21/01/2023;28;11.73;10
427;56;1;05/09/2023;75;13.31;10
428;37;1;21/02/2024;66;24.56;22
429;29;4;03/03/2024;39;23.8;10
430;39;4;24/06/2023;45;11.73;22
431;45;4;10/01/2023;12;12.8;22
432;60;3;02/12/2023;67;21.47;10
433;22;1;15/03/2023;58;13.79;10
434;49;4;13/05/2023;8;21.63;22
435;66;1;07/08/2023;15;26.25;10
436;34;2;08/03/2023;57;16.33;22
437;79;1;27/04/2023;45;25.7;10
438;17;2;12/04/2023;39;24.29;22
439;91;1;04/12/2023;61;24.97;22
440;54;3;11/11/2023;26;22.25;22
441;94;1;31/10/2023;49;28.08;10
442;34;1;27/03/2024;17;18.91;22
443;58;3;26/02/2023;66;10.45;22
444;1;4;09/11/2023;36;20.46;22
445;42;4;17/04/2023;17;23.55;10
446;69;4;17/08/2023;68;24.05;22
447;73;1;09/12/2023;4;16.17;22
448;2;4;20/03/2023;54;17.42;22
449;51;4;18/10/2023;47;28.19;10
450;99;4;29/10/2023;82;15.19;10
451;64;2;14/06/2023;68;12.95;22
452;34;3;17/04/2023;75;21.25;10
453;43;3;13/04/2024;29;12.67;10
454;5;1;04/01/2023;100;16.58;22
455;81;4;29/05/2023;48;10.68;22
456;36;4;08/10/2023;2;26.68;22
457;85;1;12/10/2023;40;25.68;22
458;99;4;19/02/2023;100;18.11;10
459;26;3;21/02/2023;45;23.13;22
460;4;1;14/08/2023;6;13.07;22
461;85;1;19/04/2023;26;13.06;10
462;20;1;20/08/2023;82;23.78;10
463;40;3;15/10/2023;18;22.17;10
464;52;2;30/03/2024;35;13.34;22
465;76;1;11/07/2023;30;10.74;10
466;81;1;10/07/2023;54;20.54;10
467;68;3;19/02/2023;23;22.46;10
468;66;2;03/01/2023;22;29.19;10
469;13;3;20/05/2023;64;26.15;22
470;49;3;15/05/2023;35;12.36;22
471;12;1;03/02/2023;12;13.17;22
472;80;1;04/02/2024;1;11.02;22
473;74;3;23/10/2023;46;22.06;22
474;60;4;13/03/2024;95;12.53;10
475;92;3;12/12/2023;72;13.35;10
476;88;3;31/03/2023;65;14.08;10
477;54;4;06/11/2023;84;19.01;10
478;18;2;07/01/2023;56;18.3;22
479;40;1;07/01/2024;63;29.72;10
480;6;4;25/08/2023;78;26.47;22
481;60;2;27/02/2023;86;22.67;10
482;96;2;22/03/2024;17;10.33;22
483;12;1;28/08/2023;48;29.01;10
484;35;1;02/05/2023;38;10.07;10
485;97;3;29/11/2023;68;17.22;10
486;35;2;18/03/2023;76;16.92;22
487;48;4;21/05/2023;70;16.56;22
488;34;4;29/09/2023;66;27.46;10
489;61;2;05/09/2023;59;12.51;22
490;27;4;06/03/2024;75;16.84;10
491;19;3;16/10/2023;27;25.19;10
492;8;3;09/10/2023;28;24.01;22
493;56;4;10/01/2024;65;14.38;22
494;29;4;23/01/2024;66;18.95;10
495;17;1;22/02/2024;26;12.7;22
496;43;1;04/01/2024;17;14.64;22
497;97;2;15/11/2023;51;26.46;10
498;63;2;19/02/2023;38;28.33;10
499;52;2;25/09/2023;88;16.07;10
500;39;3;28/04/2023;52;26.83;22
501;94;3;03/06/2023;15;20.18;10
502;16;1;16/08/2023;77;11.87;10
503;55;2;10/03/2023;83;23.8;10
504;33;3;03/01/2023;34;17.97;10
505;23;2;18/02/2024;73;28.6;10
506;4;4;27/06/2023;45;29.72;10
507;12;1;09/01/2023;55;18.11;10
508;87;3;11/10/2023;99;18.96;22
509;38;1;16/01/2023;3;23.09;22
510;17;2;16/04/2023;58;28.68;22
511;40;3;15/11/2023;12;14.64;10
512;57;1;10/01/2024;41;29.49;22
513;65;4;24/03/2023;28;18;10
514;6;4;16/11/2023;34;22.9;22
515;94;1;15/06/2023;34;29.74;10
516;19;2;12/01/2024;4;12.02;10
517;7;3;01/12/2023;8;26.88;10
518;10;3;16/03/2024;55;12.02;22
519;16;4;18/06/2023;70;19.38;10
520;26;1;21/01/2024;4;13.34;22
521;1;4;22/03/2024;77;15.71;22
522;79;4;14/09/2023;82;14.51;22
523;94;2;04/04/2023;100;23.48;22
524;38;4;12/03/2024;28;13.31;22
525;13;2;02/05/2023;39;22.76;22
526;2;1;08/01/2023;23;27.4;22
527;25;2;15/01/2023;26;20.27;22
528;79;2;21/06/2023;98;11.71;10
529;52;4;22/07/2023;43;11.16;22
530;47;3;04/12/2023;53;18.82;22
531;5;1;20/02/2024;58;27.41;10
532;84;3;29/09/2023;82;29.32;10
533;14;4;17/02/2024;48;26.34;10
534;42;1;14/10/2023;53;20.4;22
535;9;2;01/04/2024;100;22.11;22
536;45;2;26/03/2023;99;22.11;22
537;17;3;04/01/2023;67;10.12;10
538;27;3;23/03/2024;31;15.72;22
539;84;2;13/04/2023;80;14.85;10
540;42;3;19/02/2023;35;14.08;22
541;44;2;31/03/2023;12;12.08;10
542;36;4;05/12/2023;51;25.64;10
543;44;1;01/04/2024;68;25.39;22
544;34;3;25/11/2023;5;15.39;10
545;16;4;02/04/2024;66;21.97;22
546;2;4;17/03/2024;46;15.97;10
547;56;1;27/03/2024;31;23.27;22
548;43;4;21/01/2023;73;16.88;10
549;4;4;04/10/2023;45;10.13;10
550;64;2;12/06/2023;57;19.78;10
551;28;1;11/12/2023;21;29.03;22
552;22;1;04/09/2023;30;19.81;10
553;68;2;08/12/2023;10;29.96;10
554;80;4;05/01/2024;14;15.13;10
555;98;4;19/08/2023;16;26.22;10
556;30;3;08/07/2023;81;10.24;10
557;32;3;16/08/2023;83;11.4;22
558;43;4;24/12/2023;9;27.6;22
559;32;4;24/05/2023;33;18.48;22
560;100;2;06/03/2023;24;19.53;10
561;48;1;22/03/2023;96;25.25;10
562;99;3;02/06/2023;11;28.45;22
563;57;4;28/10/2023;45;22.83;10
564;3;4;17/02/2024;2;13.05;10
565;60;1;05/03/2024;97;27.35;10
566;47;2;16/08/2023;58;15.55;10
567;4;4;14/09/2023;10;18.92;22
568;82;3;06/02/2024;18;22.5;22
569;70;3;16/11/2023;70;16.17;10
570;13;3;31/05/2023;78;11.83;22
571;62;1;11/03/2023;34;13.46;22
572;48;1;25/02/2023;53;26.81;22
573;29;2;20/08/2023;54;19.65;10
574;40;1;14/09/2023;58;23.09;10
575;44;1;18/12/2023;59;23.47;22
576;62;4;08/04/2024;22;26.19;22
577;38;3;28/06/2023;3;28.71;10
578;30;4;27/12/2023;31;25.79;10
579;50;4;26/08/2023;1;29.1;10
580;94;1;20/04/2023;64;19.86;22
581;84;4;14/01/2023;97;12.83;10
582;7;1;15/02/2024;2;27.3;22
583;82;4;26/07/2023;88;23.35;10
584;67;3;25/02/2023;50;26.13;10
585;95;2;08/10/2023;85;15.23;22
586;100;1;26/11/2023;45;28.54;22
587;28;1;09/03/2024;39;28.37;10
588;85;3;14/01/2023;71;19.38;10
589;71;4;08/02/2024;3;28.24;10
590;39;1;07/03/2023;87;25.76;10
591;66;3;24/09/2023;30;14.59;22
592;10;1;13/01/2024;86;29.99;22
593;59;3;27/02/2023;38;13.15;22
594;48;4;28/01/2024;70;17.85;22
595;82;4;14/04/2024;60;29.83;10
596;72;4;22/11/2023;10;29.68;22
597;7;1;17/02/2024;75;24.22;22
598;80;2;06/02/2024;16;26.78;10
599;43;4;03/06/2023;83;15.19;22
600;59;3;16/10/2023;47;14.31;22
601;63;3;20/07/2023;46;24.21;10
602;99;3;10/07/2023;44;21.97;10
603;33;4;08/01/2023;55;21.7;22
604;9;3;11/05/2023;90;15.98;22
605;23;3;13/04/2023;36;25.23;22
606;98;4;23/12/2023;79;11.34;22
607;74;1;25/06/2023;50;18.23;10
608;25;3;16/04/2023;70;24.49;22
609;79;2;08/01/2024;95;23.82;10
610;89;4;04/04/2023;46;15.15;22
611;63;1;27/11/2023;25;29.02;22
612;21;2;21/01/2024;13;10.95;10
613;90;1;07/02/2023;44;14.04;10
614;11;4;15/03/2024;57;24.93;10
615;85;4;08/05/2023;83;19.69;22
616;85;1;03/04/2023;59;10.71;22
617;1;2;26/11/2023;62;20.99;10
618;88;1;05/04/2023;68;24.14;22
619;91;4;19/02/2023;70;24.47;10
620;94;3;22/01/2023;24;18.4;10
621;82;1;30/10/2023;80;15.43;22
622;53;1;17/11/2023;61;13.66;22
623;42;4;03/03/2023;88;17.78;22
624;75;4;13/09/2023;69;29.73;10
625;55;4;20/02/2023;81;14.27;22
626;3;2;16/03/2024;35;23.69;10
627;82;3;08/03/2023;44;12.88;22
628;42;3;15/12/2023;15;10.85;10
629;34;2;13/04/2023;45;21.08;10
630;37;4;19/02/2024;8;10.98;22
631;18;1;03/03/2024;13;16.99;10
632;89;3;21/12/2023;63;22.94;22
633;97;3;23/04/2023;56;21.09;22
634;33;1;15/07/2023;70;28.87;22
635;50;2;02/10/2023;27;28.66;10
636;89;1;21/01/2023;46;13.58;22
637;25;2;18/09/2023;8;25.15;10
638;61;3;13/10/2023;73;27.28;22
639;83;1;02/09/2023;61;10.06;22
640;18;4;25/03/2024;40;13.29;10
641;78;1;28/09/2023;98;22.91;22
642;29;3;07/03/2023;36;23.35;10
643;74;2;25/03/2024;23;10.16;10
644;36;2;28/03/2024;82;25.14;22
645;7;3;21/11/2023;85;10.19;22
646;72;2;12/02/2024;67;20.2;22
647;26;1;31/08/2023;19;12.54;22
648;94;4;25/03/2023;64;11.54;10
649;11;1;17/08/2023;63;18.04;10
650;2;1;17/04/2024;99;18.9;10
651;37;4;24/02/2023;8;20.86;10
652;18;1;14/12/2023;5;23.99;10
653;92;2;10/01/2023;82;20.24;22
654;44;3;03/02/2024;66;18.74;10
655;66;3;24/05/2023;76;25.26;10
656;15;2;26/10/2023;30;19.63;22
657;59;1;07/02/2024;100;10.01;10
658;55;4;31/05/2023;45;17.36;10
659;41;3;04/12/2023;62;25.13;10
660;49;3;27/05/2023;70;21.29;10
661;2;4;09/08/2023;2;29.25;22
662;80;4;08/02/2023;17;16.46;10
663;92;3;17/02/2024;90;13.31;10
664;28;3;19/09/2023;22;25.95;22
665;21;1;02/12/2023;47;29.82;10
666;49;2;24/02/2023;38;11.3;22
667;72;2;09/04/2024;2;12.72;22
668;15;4;24/07/2023;74;10.51;10
669;48;2;25/01/2024;34;28.65;10
670;13;3;07/04/2024;28;20.02;22
671;78;2;10/08/2023;100;20.63;10
672;26;1;26/09/2023;48;26.1;22
673;94;4;02/10/2023;3;14.58;10
674;62;4;18/09/2023;37;17.97;10
675;58;4;30/01/2024;29;15.68;22
676;95;3;15/06/2023;67;27.23;10
677;69;2;09/04/2023;55;16.77;22
678;67;4;27/03/2023;93;10.09;10
679;27;1;19/01/2023;7;26.5;10
680;85;3;17/02/2023;31;26.08;10
681;70;2;16/05/2023;77;27;22
682;46;4;31/03/2024;4;20.23;22
683;88;4;16/07/2023;48;12.66;22
684;61;4;16/06/2023;85;19.02;22
685;96;3;06/01/2023;24;18.76;22
686;45;4;03/10/2023;76;18.21;22
687;57;1;27/01/2024;88;24.36;22
688;82;3;12/01/2024;68;21.63;10
689;39;3;09/04/2024;74;26.52;22
690;85;1;21/02/2023;87;29.44;22
691;61;1;08/11/2023;7;26.18;10
692;90;1;07/04/2023;25;17.79;22
693;2;3;06/08/2023;32;20.54;22
694;63;4;27/06/2023;30;24;22
695;69;2;24/07/2023;56;19.7;10
696;99;2;15/07/2023;1;15.32;10
697;66;3;28/09/2023;22;25.22;10
698;44;2;10/09/2023;68;21.73;22
699;33;3;17/05/2023;58;13.44;22
700;18;3;20/12/2023;98;25.32;22
701;26;1;03/04/2023;54;18.5;22
702;59;2;29/10/2023;56;12.12;10
703;78;2;13/01/2023;54;15.49;10
704;53;3;30/05/2023;47;20.92;10
705;8;2;07/12/2023;52;22.69;10
706;78;3;19/01/2024;53;16.84;10
707;44;1;11/07/2023;65;28.06;10
708;8;2;19/07/2023;42;16.74;10
709;90;3;19/04/2024;68;17.32;10
710;25;3;20/02/2024;67;21.22;10
711;57;4;10/08/2023;67;20.44;22
712;74;4;10/03/2024;84;28.86;22
713;78;4;21/11/2023;98;18.51;22
714;4;2;06/03/2023;30;16.29;22
715;59;2;06/10/2023;3;19.42;10
716;19;2;16/09/2023;42;13.79;10
717;42;2;07/09/2023;54;23.55;10
718;21;2;01/07/2023;55;19.09;10
719;11;2;05/03/2024;16;20.43;10
720;73;1;27/01/2023;79;26.35;22
721;63;4;15/03/2023;69;10.65;10
722;60;2;04/02/2024;64;21.84;10
723;46;1;21/07/2023;63;29.54;10
724;32;1;22/01/2023;66;23.29;22
725;37;2;14/05/2023;49;19;22
726;34;1;01/05/2023;35;14.95;22
727;70;3;30/03/2023;20;19.09;22
728;61;2;03/05/2023;57;27.3;22
729;7;1;15/02/2024;35;14.47;22
730;70;3;04/02/2024;63;29.03;10
731;11;4;27/12/2023;100;20.33;22
732;61;2;04/08/2023;26;24.01;22
733;69;2;16/02/2024;82;26.91;22
734;100;3;06/04/2024;59;24.82;10
735;76;3;15/02/2024;93;25.29;10
736;51;3;21/04/2024;2;14.19;10
737;99;3;03/08/2023;11;24.21;22
738;29;2;24/04/2023;41;23.25;22
739;80;4;16/01/2024;15;23.59;22
740;63;1;23/06/2023;9;25.6;22
741;41;1;27/02/2024;3;22.49;10
742;58;1;28/06/2023;49;17.02;10
743;41;3;31/07/2023;35;19.24;10
744;26;4;21/05/2023;39;16.7;22
745;20;2;06/09/2023;97;23.66;10
746;52;3;27/03/2024;61;20.32;10
747;41;4;11/03/2024;27;22.66;22
748;13;4;19/01/2024;57;29.39;10
749;1;2;23/08/2023;40;15.98;10
750;79;4;11/02/2024;32;27.57;10
751;10;2;22/02/2023;18;24.89;10
752;66;3;26/12/2023;18;16.15;10
753;91;1;01/06/2023;39;17.59;10
754;39;3;08/03/2024;59;17.4;22
755;8;2;18/08/2023;59;20.19;22
756;11;1;23/11/2023;35;16.62;10
757;54;2;22/09/2023;77;11.36;22
758;72;3;08/10/2023;6;16.1;22
759;88;4;19/10/2023;27;12.05;10
760;89;4;09/03/2023;26;15.71;22
761;44;4;08/04/2023;87;21.81;10
762;61;3;28/11/2023;65;12.88;22
763;99;2;22/03/2023;72;12.62;10
764;65;1;21/01/2023;52;29.67;22
765;18;2;14/03/2024;28;23.67;22
766;88;4;22/01/2023;51;16.56;10
767;19;2;17/01/2023;65;15.65;22
768;9;3;02/10/2023;50;10.71;22
769;12;4;19/02/2023;75;14.59;22
770;5;4;08/11/2023;28;13.04;22
771;76;4;29/07/2023;29;28.82;10
772;86;2;01/01/2023;88;24.31;22
773;60;1;11/01/2024;49;13.25;22
774;69;4;26/07/2023;51;27.7;22
775;37;2;18/11/2023;23;21.11;10
776;24;4;19/05/2023;3;15.61;10
777;93;2;06/05/2023;97;10.24;22
778;84;4;04/01/2023;27;15.48;22
779;92;2;14/01/2023;62;14.11;22
780;41;2;25/01/2023;73;17.68;22
781;20;1;07/01/2023;55;23.46;10
782;52;4;23/02/2023;36;22.63;10
783;95;2;12/08/2023;36;15.42;22
784;30;1;04/02/2023;94;22.5;22
785;77;1;15/01/2024;25;13.63;10
786;57;2;16/02/2024;92;18.08;10
787;95;4;03/09/2023;72;23.34;10
788;6;1;10/11/2023;45;24.78;10
789;42;1;18/02/2023;87;25.76;22
790;42;1;15/03/2023;13;15.91;22
791;89;1;03/08/2023;27;11.9;22
792;11;4;11/08/2023;4;21.66;22
793;60;3;14/02/2024;56;16.92;22
794;9;4;07/01/2023;73;26.79;22
795;25;1;31/10/2023;29;27.2;22
796;50;4;08/08/2023;12;23.57;22
797;79;1;27/11/2023;87;21.51;22
798;80;3;19/03/2024;10;21.02;22
799;16;4;29/01/2024;71;19.13;10
800;86;3;18/10/2023;82;17.51;22
801;66;4;14/01/2024;14;14.73;10
802;99;3;25/08/2023;99;24.13;22
803;52;2;10/04/2024;7;11.46;10
804;43;4;24/05/2023;77;12.48;22
805;8;2;05/12/2023;60;12.26;10
806;15;3;02/09/2023;4;17.58;10
807;22;4;12/11/2023;36;16.55;22
808;25;2;25/08/2023;34;16.92;10
809;86;4;03/12/2023;82;13.37;22
810;42;4;04/03/2024;86;17.34;22
811;72;4;02/08/2023;30;24.44;22
812;44;1;27/06/2023;42;13.32;22
813;41;1;02/02/2024;79;13.95;10
814;22;4;22/07/2023;15;24.31;22
815;96;2;10/07/2023;44;20.34;22
816;2;4;16/06/2023;16;23.46;10
817;46;4;02/02/2023;76;11.58;22
818;39;1;21/05/2023;34;27.31;10
819;27;3;01/05/2023;62;22.29;22
820;45;2;07/12/2023;92;23.1;22
821;74;2;26/06/2023;39;19.36;10
822;71;3;12/08/2023;50;23.49;22
823;53;2;31/05/2023;28;12.92;22
824;47;1;26/06/2023;98;19.55;10
825;75;1;20/03/2023;50;10.72;10
826;86;1;22/10/2023;42;24.26;10
827;32;3;12/07/2023;72;25.47;22
828;72;3;07/04/2023;47;10.51;10
829;64;1;28/06/2023;15;28.79;10
830;78;3;27/08/2023;43;29.27;22
831;7;3;16/04/2024;67;20.14;10
832;99;1;07/09/2023;3;17.26;22
833;31;3;03/04/2024;23;26.35;22
834;29;3;06/04/2023;37;18.98;10
835;95;1;29/11/2023;18;16.35;22
836;27;4;16/02/2023;64;18.96;22
837;95;1;06/01/2024;68;25.83;10
838;46;2;30/01/2023;66;19.89;10
839;62;3;28/01/2024;3;22.4;22
840;72;2;14/11/2023;28;28.54;10
841;67;3;02/01/2023;36;19.38;10
842;85;2;27/01/2023;56;12.17;10
843;88;3;08/08/2023;91;20.75;10
844;18;4;28/10/2023;78;21.54;10
845;22;4;16/04/2023;1;12.3;10
846;2;1;20/10/2023;15;22.02;22
847;80;2;10/03/2023;86;29.54;22
848;38;4;19/04/2023;96;14.9;22
849;47;4;23/03/2023;13;25.26;10
850;3;2;16/08/2023;96;10.67;10
851;55;2;04/11/2023;31;29.13;22
852;80;2;31/01/2023;47;16.86;22
853;54;1;06/07/2023;17;18.43;22
854;24;4;12/01/2024;58;19.16;10
855;66;4;29/04/2023;27;16.49;10
856;12;4;02/01/2024;47;10.89;22
857;29;3;28/12/2023;70;26.52;10
858;49;2;10/10/2023;13;24.91;10
859;70;2;14/01/2023;30;20.36;22
860;74;2;07/12/2023;5;16.02;22
861;81;3;04/09/2023;73;17.61;22
862;91;2;06/08/2023;4;15.2;22
863;69;2;30/10/2023;18;13.13;22
864;83;3;17/02/2024;71;20.3;10
865;5;2;06/04/2023;65;14.47;10
866;73;4;05/05/2023;73;27.81;22
867;88;3;23/03/2023;13;17.07;22
868;22;4;31/03/2024;20;25.32;10
869;32;2;16/02/2023;14;19.06;22
870;15;3;30/01/2023;75;15.22;10
871;82;3;08/08/2023;58;19.17;10
872;1;1;03/12/2023;29;20.05;10
873;6;1;06/05/2023;91;12.85;22
874;81;1;29/11/2023;4;25.49;10
875;34;2;23/02/2024;44;26.07;10
876;50;2;06/02/2023;85;17.26;22
877;38;3;21/03/2024;14;27.13;10
878;59;3;18/08/2023;6;13.99;22
879;75;2;17/01/2023;56;14.02;22
880;86;3;23/10/2023;79;25.56;22
881;28;1;05/03/2024;24;14.91;10
882;20;2;21/02/2024;10;15.67;10
883;6;1;21/08/2023;15;16.64;10
884;94;1;12/04/2023;80;22.11;22
885;46;4;03/08/2023;6;23.45;10
886;83;3;12/01/2024;81;22.15;22
887;72;1;06/07/2023;57;11.19;22
888;70;1;28/03/2023;28;23.48;10
889;12;3;31/12/2023;84;13.95;22
890;77;4;18/12/2023;62;29.69;22
891;74;4;12/12/2023;26;10.43;22
892;79;3;20/02/2023;70;20.95;10
893;50;2;04/12/2023;98;11.08;10
894;40;2;01/09/2023;99;23.66;10
895;80;1;08/08/2023;72;20.87;22
896;64;2;04/03/2024;61;20.66;22
897;36;2;07/04/2024;77;18.56;10
898;62;4;04/01/2023;32;29.65;22
899;68;4;07/10/2023;80;24.83;10
900;27;1;16/03/2024;46;17.8;10
901;99;1;28/09/2023;35;23.66;22
902;89;1;20/04/2024;21;18.13;10
903;68;1;15/08/2023;79;16.23;10
904;54;4;07/09/2023;64;17.02;22
905;58;2;05/02/2024;21;15.28;10
906;25;3;08/02/2024;97;24.75;10
907;12;2;12/07/2023;36;13.67;10
908;78;1;31/01/2023;50;23.58;22
909;87;2;01/07/2023;95;20.6;10
910;18;2;21/08/2023;30;25.45;22
911;97;3;23/11/2023;87;23.56;22
912;65;3;08/09/2023;82;28.58;10
913;90;4;09/01/2024;66;13.52;22
914;40;2;07/05/2023;21;17.98;22
915;62;4;20/01/2024;8;18.88;22
916;25;3;23/01/2024;4;22.95;10
917;53;3;14/01/2023;31;12.58;22
918;12;3;21/04/2024;27;25.76;22
919;28;2;01/04/2024;99;16.85;10
920;45;3;02/01/2024;53;16.4;22
921;69;1;21/03/2024;23;27.61;10
922;96;4;29/02/2024;57;29.56;10
923;26;3;01/09/2023;16;27.53;22
924;49;4;24/03/2023;52;18.24;10
925;69;4;04/09/2023;89;20.7;22
926;90;3;02/07/2023;52;23.5;22
927;18;2;15/02/2024;2;29.31;22
928;79;1;14/09/2023;79;15.16;10
929;17;1;24/11/2023;63;10.02;22
930;43;2;05/11/2023;90;20.64;10
931;27;3;15/04/2023;37;22.38;22
932;63;3;13/03/2024;94;20.89;10
933;84;3;29/03/2024;48;20.35;10
934;56;4;11/09/2023;31;27;10
935;98;2;27/12/2023;56;16.76;22
936;95;1;02/01/2023;10;28.95;22
937;96;2;02/01/2023;7;13.39;10
938;10;1;03/04/2024;75;22.23;10
939;72;3;27/01/2024;15;14.58;22
940;33;3;28/11/2023;12;28.92;10
941;81;4;03/07/2023;75;24.74;22
942;33;1;21/08/2023;17;12.64;10
943;71;2;13/03/2023;36;24.46;10
944;65;3;07/01/2023;94;24.17;10
945;16;2;10/08/2023;59;17.51;22
946;98;3;19/01/2023;90;13.37;22
947;84;3;30/04/2023;15;15.01;22
948;48;1;24/03/2024;80;14.59;10
949;75;1;10/02/2023;4;14.06;22
950;18;3;06/03/2023;49;13.91;10
951;43;1;12/12/2023;100;26.55;22
952;21;2;29/11/2023;47;18.13;10
953;52;4;18/02/2024;23;16.06;22
954;43;2;16/04/2024;38;14.23;10
955;89;3;22/05/2023;36;15.42;10
956;96;3;01/11/2023;82;16.75;22
957;48;3;15/04/2023;31;13.06;22
958;51;3;27/12/2023;47;29.54;10
959;52;3;26/03/2023;11;10.67;10
960;15;4;19/02/2023;72;22.69;22
961;36;3;02/08/2023;38;25.95;22
962;46;2;14/04/2024;45;13.63;10
963;1;4;22/09/2023;88;16.13;22
964;46;4;12/01/2023;66;25.56;22
965;28;2;22/02/2024;86;22.32;22
966;63;3;18/03/2024;72;26.58;10
967;26;4;01/03/2023;3;27.3;22
968;100;1;22/01/2023;96;24.79;10
969;76;2;24/09/2023;3;14.12;22
970;40;3;15/04/2024;50;25.26;10
971;83;1;19/08/2023;42;19.51;10
972;79;1;26/05/2023;88;20.82;22
973;64;1;17/03/2023;55;10.71;10
974;85;1;27/03/2024;44;23.28;22
975;55;1;13/11/2023;59;29.92;22
976;69;4;19/02/2023;100;14.61;10
977;73;2;26/05/2023;52;15.63;10
978;60;2;17/10/2023;5;12.28;10
979;33;1;27/01/2024;68;19.65;10
980;94;2;11/04/2023;18;17.57;22
981;27;4;13/07/2023;42;17.37;10
982;18;2;08/02/2023;42;22.3;10
983;6;1;14/11/2023;82;26.67;22
984;66;4;29/01/2023;62;25.52;22
985;62;2;20/11/2023;22;26.45;10
986;74;1;06/12/2023;79;26.92;22
987;56;3;11/02/2023;8;25.86;10
988;1;4;17/01/2023;72;20.96;10
989;97;2;12/01/2023;83;23.13;10
990;23;3;12/01/2023;42;27.12;10
991;22;3;22/11/2023;85;21.52;22
992;95;4;03/04/2024;16;16.98;22
993;7;2;30/12/2023;49;22.67;22
994;94;4;08/04/2023;19;28.86;10
995;49;1;03/09/2023;15;19.92;10
996;34;4;10/03/2024;31;26.06;22
997;39;3;14/04/2024;51;12.21;10
998;94;4;09/10/2023;56;15.54;22
999;62;4;24/01/2024;33;27.27;10
1000;61;1;10/12/2023;35;16.46;22
